<?xml version="1.0"?>
<configuration>
	<property>
		<name>fs.defaultFS</name>
		<value>hdfs://localhost:9000/</value>
	</property>
	<property>
		<name>mapreduce.framework.name</name>
		<value>yarn</value>
	</property>
	<property>
		<name>yarn.resourcemanager.address</name>
		<value>localhost:8032</value>
	</property>
	<property>
		<name>mapreduce.job.ubertask.enable</name>
		<value>true</value>
	</property>
	<property>
		<name>mapreduce.job.ubertask.maxmaps</name>
		<value>21</value>
	</property>
	<property>
		<name>mapreduce.job.ubertask.maxreduces</name>
		<value>2</value>
	</property>
</configuration>

<!--
hadoop jar <jar-path> -conf <config-file-path> <cmd-line args to main-class>
-->

